{"table":[{"bounces":7},{"x":"10.00","y":0},{"bounces":7},{"x":0,"y":1.4142135623730951},{"bounces":7},{"x":"2.50","y":2.121320343559643},{"bounces":7},{"x":0,"y":2.8284271247461903},{"bounces":7},{"x":"0.63","y":3.1833919117321674},{"bounces":7},{"x":0,"y":3.5383566987181445},{"bounces":7},{"x":"0.16","y":3.7172421369181277},{"bounces":7},{"x":0,"y":3.896127575118111},{"bounces":7},{"x":"0.04","y":3.9855702942181024},{"bounces":7},{"x":0,"y":4.075013013318094},{"bounces":7},{"x":"0.01","y":4.11973437286809},{"bounces":7},{"x":0,"y":4.164455732418086},{"bounces":7},{"x":"0.00","y":4.164455732418086},{"obsevation":2},{"bounces":7},{"x":"10.00","y":0},{"obsevation":2},{"bounces":7},{"x":0,"y":1.4142135623730951},{"obsevation":2},{"bounces":7},{"x":"2.50","y":2.121320343559643},{"obsevation":2},{"bounces":7},{"x":0,"y":2.8284271247461903},{"obsevation":2},{"bounces":7},{"x":"0.63","y":3.1833919117321674},{"obsevation":2},{"bounces":7},{"x":0,"y":3.5383566987181445},{"obsevation":2},{"bounces":7},{"x":"0.16","y":3.7172421369181277},{"obsevation":2},{"bounces":7},{"x":0,"y":3.896127575118111},{"obsevation":2},{"bounces":7},{"x":"0.04","y":3.9855702942181024},{"obsevation":2},{"bounces":7},{"x":0,"y":4.075013013318094},{"obsevation":2},{"bounces":7},{"x":"0.01","y":4.11973437286809},{"obsevation":2},{"bounces":7},{"x":0,"y":4.164455732418086},{"obsevation":2},{"bounces":7},{"x":"0.00","y":4.164455732418086},{"obsevation":2},{"bounces":7},{"x":"10.00","y":0},{"obsevation":2},{"bounces":7},{"x":0,"y":1.4142135623730951},{"obsevation":2},{"bounces":7},{"x":"2.50","y":2.121320343559643},{"obsevation":2},{"bounces":7},{"x":0,"y":2.8284271247461903},{"obsevation":2},{"bounces":7},{"x":"0.63","y":3.1833919117321674},{"obsevation":2},{"bounces":7},{"x":0,"y":3.5383566987181445},{"obsevation":2},{"bounces":7},{"x":"0.16","y":3.7172421369181277},{"obsevation":2},{"bounces":7},{"x":0,"y":3.896127575118111},{"obsevation":2},{"bounces":7},{"x":"0.04","y":3.9855702942181024},{"obsevation":2},{"bounces":7},{"x":0,"y":4.075013013318094},
    {"obsevation":2},{"bounces":7},{"x":"0.01","y":4.11973437286809},{"obsevation":2},{"bounces":7},{"x":0,"y":4.164455732418086},{"obsevation":2},{"bounces":7},{"x":"0.00","y":4.164455732418086},{"obsevation":2},{"bounces":7},{"x":"14.00","y":0},{"obsevation":2},{"bounces":7},{"x":0,"y":1.6733200530681511},{"obsevation":2},{"bounces":7},{"x":"3.50","y":2.5099800796022267},{"obsevation":2},{"bounces":7},{"x":0,"y":3.3466401061363023},{"obsevation":2},{"bounces":7},{"x":"0.88","y":3.766163645404363},{"obsevation":2},{"bounces":7},{"x":0,"y":4.185687184672424},{"obsevation":2},{"bounces":7},{"x":"0.22","y":4.395448954306454},{"obsevation":2},{"bounces":7},{"x":0,"y":4.605210723940485},{"obsevation":2},{"bounces":7},{"x":"0.06","y":4.714755235441518},{"obsevation":2},{"bounces":7},{"x":0,"y":4.824299746942551},{"obsevation":2},{"bounces":7},{"x":"0.01","y":4.869021106492547},{"obsevation":2},{"bounces":7},{"x":0,"y":4.913742466042543},{"obsevation":2},{"bounces":7},{"x":"0.00","y":4.913742466042543},{"obsevation":2},{"bounces":5},{"x":"7.00","y":0},{"obsevation":2},{"bounces":5},{"x":0,"y":1.1832159566199232},{"obsevation":2},{"bounces":5},{"x":"0.84","y":1.5930939872583072},{"obsevation":2},{"bounces":5},{"x":0,"y":2.002972017896691},{"obsevation":2},{"bounces":5},{"x":"0.10","y":2.1443933741340007},{"obsevation":2},{"bounces":5},{"x":0,"y":2.2858147303713103},{"obsevation":2},{"bounces":5},{"x":"0.01","y":2.3305360899213063},{"obsevation":2},{"bounces":5},{"x":0,"y":2.3752574494713024},{"obsevation":2},{"bounces":5},{"x":"0.00","y":2.3752574494713024},{"obsevation":2},{"bounces":7},{"x":"13.00","y":0},{"obsevation":2},{"bounces":7},{"x":0,"y":1.61245154965971},{"obsevation":2},{"bounces":7},{"x":"3.25","y":2.418677324489565},{"obsevation":2},{"bounces":7},{"x":0,"y":3.22490309931942},{"obsevation":2},{"bounces":7},{"x":"0.81","y":3.6273953352693824},{"obsevation":2},{"bounces":7},{"x":0,"y":4.029887571219344},{"obsevation":2},{"bounces":7},{"x":"0.20","y":4.2298875712193444},{"obsevation":2},{"bounces":7},{"x":0,"y":4.429887571219345},
    {"obsevation":2},{"bounces":7},{"x":"0.05","y":4.529887571219344},{"obsevation":2},{"bounces":7},{"x":0,"y":4.629887571219344},{"obsevation":2},{"bounces":7},{"x":"0.01","y":4.67460893076934},{"obsevation":2},{"bounces":7},{"x":0,"y":4.719330290319336},{"obsevation":2},{"bounces":7},{"x":"0.00","y":4.719330290319336},{"obsevation":2},{"bounces":10},{"x":"10.00","y":0},{"obsevation":2},{"bounces":10},{"x":0,"y":1.4142135623730951},{"obsevation":2},{"bounces":10},{"x":"4.20","y":2.3307287013642632},{"obsevation":2},{"bounces":10},{"x":0,"y":3.2472438403554316},{"obsevation":2},{"bounces":10},{"x":"1.76","y":3.8405397193230844},{"obsevation":2},{"bounces":10},{"x":0,"y":4.433835598290737},{"obsevation":2},{"bounces":10},{"x":"0.74","y":4.818543279524164},{"obsevation":2},{"bounces":10},{"x":0,"y":5.2032509607575905},{"obsevation":2},{"bounces":10},{"x":"0.31","y":5.452248952717365},{"obsevation":2},{"bounces":10},{"x":0,"y":5.70124694467714},{"obsevation":2},{"bounces":10},{"x":"0.13","y":5.862492099643111},{"obsevation":2},{"bounces":10},{"x":0,"y":6.023737254609082},{"obsevation":2},{"bounces":10},{"x":"0.05","y":6.123737254609082},{"obsevation":2},{"bounces":10},{"x":0,"y":6.223737254609081},{"obsevation":2},{"bounces":10},{"x":"0.02","y":6.286982807812449},{"obsevation":2},{"bounces":10},{"x":0,"y":6.350228361015817},{"obsevation":2},{"bounces":10},{"x":"0.01","y":6.394949720565813},{"obsevation":2},{"bounces":10},{"x":0,"y":6.439671080115809},{"obsevation":2},{"bounces":10},{"x":"0.00","y":6.439671080115809}]}